key,0
#,
int32,str
0,""
1,"连击用技能。
使用时会按下列顺序发动战技。
如果连击过程中未满足战技的发动条件，则回到第一个技能重新发动连击。

1：<UIForeground>F201F4</UIForeground><UIGlow>F201F5</UIGlow>先锋剑<UIGlow>01</UIGlow><UIForeground>01</UIForeground>
2：<UIForeground>F201F4</UIForeground><UIGlow>F201F5</UIGlow>狂怒剑<UIGlow>01</UIGlow><UIForeground>01</UIForeground>
3：<UIForeground>F201F4</UIForeground><UIGlow>F201F5</UIGlow>战女神之怒<UIGlow>01</UIGlow><UIForeground>01</UIForeground>"
2,"连击用技能。
使用时会按下列顺序发动战技。
如果连击过程中未满足战技的发动条件，则回到第一个技能重新发动连击。

1：<UIForeground>F201F4</UIForeground><UIGlow>F201F5</UIGlow>先锋剑<UIGlow>01</UIGlow><UIForeground>01</UIForeground>
2：<UIForeground>F201F4</UIForeground><UIGlow>F201F5</UIGlow>暴乱剑<UIGlow>01</UIGlow><UIForeground>01</UIForeground>
3：<UIForeground>F201F4</UIForeground><UIGlow>F201F5</UIGlow>王权剑<UIGlow>01</UIGlow><UIForeground>01</UIForeground>

<UIForeground>F201FA</UIForeground><UIGlow>F201FB</UIGlow>※忠义之剑状态中，变为赎罪剑。<UIGlow>01</UIGlow><UIForeground>01</UIForeground>"
3,"连击用技能。
使用时会按下列顺序发动战技。
如果连击过程中未满足战技的发动条件，则回到第一个技能重新发动连击。

1：<UIForeground>F201F4</UIForeground><UIGlow>F201F5</UIGlow>重劈<UIGlow>01</UIGlow><UIForeground>01</UIForeground>
2：<UIForeground>F201F4</UIForeground><UIGlow>F201F5</UIGlow>裂骨斩<UIGlow>01</UIGlow><UIForeground>01</UIForeground>
3：<UIForeground>F201F4</UIForeground><UIGlow>F201F5</UIGlow>寒风斧<UIGlow>01</UIGlow><UIForeground>01</UIForeground>"
4,"连击用技能。
使用时会按下列顺序发动战技。
如果连击过程中未满足战技的发动条件，则回到第一个技能重新发动连击。

1：<UIForeground>F201F4</UIForeground><UIGlow>F201F5</UIGlow>重劈<UIGlow>01</UIGlow><UIForeground>01</UIForeground>
2：<UIForeground>F201F4</UIForeground><UIGlow>F201F5</UIGlow>凶残裂<UIGlow>01</UIGlow><UIForeground>01</UIForeground>
3：<UIForeground>F201F4</UIForeground><UIGlow>F201F5</UIGlow>暴风斩<UIGlow>01</UIGlow><UIForeground>01</UIForeground>"
5,"连击用技能。
使用时会按下列顺序发动战技。
如果连击过程中未满足战技的发动条件，则回到第一个技能重新发动连击。

1：<UIForeground>F201F4</UIForeground><UIGlow>F201F5</UIGlow>重斩<UIGlow>01</UIGlow><UIForeground>01</UIForeground>
2：<UIForeground>F201F4</UIForeground><UIGlow>F201F5</UIGlow>回环斩<UIGlow>01</UIGlow><UIForeground>01</UIForeground>
3：<UIForeground>F201F4</UIForeground><UIGlow>F201F5</UIGlow>强力斩<UIGlow>01</UIGlow><UIForeground>01</UIForeground>"
6,"连击用技能。
使用时会按下列顺序发动战技。
如果连击过程中未满足战技的发动条件，则回到第一个技能重新发动连击。

1：<UIForeground>F201F4</UIForeground><UIGlow>F201F5</UIGlow>重斩<UIGlow>01</UIGlow><UIForeground>01</UIForeground>
2：<UIForeground>F201F4</UIForeground><UIGlow>F201F5</UIGlow>吸收斩<UIGlow>01</UIGlow><UIForeground>01</UIForeground>
3：<UIForeground>F201F4</UIForeground><UIGlow>F201F5</UIGlow>噬魂斩<UIGlow>01</UIGlow><UIForeground>01</UIForeground>"
7,"连击用技能。
使用时会按下列顺序发动战技。
如果连击过程中未满足战技的发动条件，则回到第一个技能重新发动连击。

1：<UIForeground>F201F4</UIForeground><UIGlow>F201F5</UIGlow>连击<UIGlow>01</UIGlow><UIForeground>01</UIForeground>
2：<UIForeground>F201F4</UIForeground><UIGlow>F201F5</UIGlow>正拳<UIGlow>01</UIGlow><UIForeground>01</UIForeground>
3：<UIForeground>F201F4</UIForeground><UIGlow>F201F5</UIGlow>崩拳<UIGlow>01</UIGlow><UIForeground>01</UIForeground>"
8,"连击用技能。
使用时会按下列顺序发动战技。
如果连击过程中未满足战技的发动条件，则回到第一个技能重新发动连击。

1：<UIForeground>F201F4</UIForeground><UIGlow>F201F5</UIGlow>双龙脚<UIGlow>01</UIGlow><UIForeground>01</UIForeground>
2：<UIForeground>F201F4</UIForeground><UIGlow>F201F5</UIGlow>双掌打<UIGlow>01</UIGlow><UIForeground>01</UIForeground>
3：<UIForeground>F201F4</UIForeground><UIGlow>F201F5</UIGlow>破碎拳<UIGlow>01</UIGlow><UIForeground>01</UIForeground>"
9,"连击用技能。
使用时会按下列顺序发动战技。
如果连击过程中未满足战技的发动条件，则回到第一个技能重新发动连击。

1：<UIForeground>F201F4</UIForeground><UIGlow>F201F5</UIGlow>龙眼雷电<UIGlow>01</UIGlow><UIForeground>01</UIForeground>
2：<UIForeground>F201F4</UIForeground><UIGlow>F201F5</UIGlow>直刺<UIGlow>01</UIGlow><UIForeground>01</UIForeground>
3：<UIForeground>F201F4</UIForeground><UIGlow>F201F5</UIGlow>龙牙龙爪<UIGlow>01</UIGlow><UIForeground>01</UIForeground>
4：<UIForeground>F201F4</UIForeground><UIGlow>F201F5</UIGlow>龙尾大回旋<UIGlow>01</UIGlow><UIForeground>01</UIForeground>"
10,"连击用技能。
使用时会按下列顺序发动战技。
如果连击过程中未满足战技的发动条件，则回到第一个技能重新发动连击。

1：<UIForeground>F201F4</UIForeground><UIGlow>F201F5</UIGlow>脉冲枪<UIGlow>01</UIGlow><UIForeground>01</UIForeground>
2：<UIForeground>F201F4</UIForeground><UIGlow>F201F5</UIGlow>开膛枪<UIGlow>01</UIGlow><UIForeground>01</UIForeground>
3：<UIForeground>F201F4</UIForeground><UIGlow>F201F5</UIGlow>樱花怒放<UIGlow>01</UIGlow><UIForeground>01</UIForeground>
4：<UIForeground>F201F4</UIForeground><UIGlow>F201F5</UIGlow>龙尾大回旋<UIGlow>01</UIGlow><UIForeground>01</UIForeground>"
11,"连击用技能。
使用时会按下列顺序发动战技。
如果连击过程中未满足战技的发动条件，则回到第一个技能重新发动连击。

1：<UIForeground>F201F4</UIForeground><UIGlow>F201F5</UIGlow>双刃旋<UIGlow>01</UIGlow><UIForeground>01</UIForeground>
2：<UIForeground>F201F4</UIForeground><UIGlow>F201F5</UIGlow>绝风<UIGlow>01</UIGlow><UIForeground>01</UIForeground>
3：<UIForeground>F201F4</UIForeground><UIGlow>F201F5</UIGlow>旋风刃<UIGlow>01</UIGlow><UIForeground>01</UIForeground>

<UIForeground>F201FA</UIForeground><UIGlow>F201FB</UIGlow>※三印自在状态中，变为冰晶乱流之术。<UIGlow>01</UIGlow><UIForeground>01</UIForeground>"
12,"连击用技能。
使用时会按下列顺序发动战技。
如果连击过程中未满足战技的发动条件，则回到第一个技能重新发动连击。

1：<UIForeground>F201F4</UIForeground><UIGlow>F201F5</UIGlow>双刃旋<UIGlow>01</UIGlow><UIForeground>01</UIForeground>
2：<UIForeground>F201F4</UIForeground><UIGlow>F201F5</UIGlow>影牙<UIGlow>01</UIGlow><UIForeground>01</UIForeground>"
13,"连击用技能。
使用时会按下列顺序发动战技。
如果连击过程中未满足战技的发动条件，则回到第一个技能重新发动连击。

1：<UIForeground>F201F4</UIForeground><UIGlow>F201F5</UIGlow>刃风<UIGlow>01</UIGlow><UIForeground>01</UIForeground>
2：<UIForeground>F201F4</UIForeground><UIGlow>F201F5</UIGlow>雪风<UIGlow>01</UIGlow><UIForeground>01</UIForeground>"
14,"连击用技能。
使用时会按下列顺序发动战技。
如果连击过程中未满足战技的发动条件，则回到第一个技能重新发动连击。

1：<UIForeground>F201F4</UIForeground><UIGlow>F201F5</UIGlow>阵风<UIGlow>01</UIGlow><UIForeground>01</UIForeground>
2：<UIForeground>F201F4</UIForeground><UIGlow>F201F5</UIGlow>月光<UIGlow>01</UIGlow><UIForeground>01</UIForeground>"
15,"连击用技能。
使用时会按下列顺序发动战技。
如果连击过程中未满足战技的发动条件，则回到第一个技能重新发动连击。

1：<UIForeground>F201F4</UIForeground><UIGlow>F201F5</UIGlow>士风<UIGlow>01</UIGlow><UIForeground>01</UIForeground>
2：<UIForeground>F201F4</UIForeground><UIGlow>F201F5</UIGlow>花车<UIGlow>01</UIGlow><UIForeground>01</UIForeground>"
16,"连击用技能。
使用时会按下列顺序发动战技。
如果连击过程中未满足战技的发动条件，则回到第一个技能重新发动连击。

1：<UIForeground>F201F4</UIForeground><UIGlow>F201F5</UIGlow>强力射击<UIGlow>01</UIGlow><UIForeground>01</UIForeground>
2：<UIForeground>F201F4</UIForeground><UIGlow>F201F5</UIGlow>直线射击<UIGlow>01</UIGlow><UIForeground>01</UIForeground>"
17,"连击用技能。
使用时会按下列顺序发动战技。
如果连击过程中未满足战技的发动条件，则回到第一个技能重新发动连击。

1：<UIForeground>F201F4</UIForeground><UIGlow>F201F5</UIGlow>烈毒咬箭<UIGlow>01</UIGlow><UIForeground>01</UIForeground>
2：<UIForeground>F201F4</UIForeground><UIGlow>F201F5</UIGlow>狂风蚀箭<UIGlow>01</UIGlow><UIForeground>01</UIForeground>"
18,"连击用技能。
使用时会按下列顺序发动战技。
如果连击过程中未满足战技的发动条件，则回到第一个技能重新发动连击。

1：<UIForeground>F201F4</UIForeground><UIGlow>F201F5</UIGlow>热分裂弹<UIGlow>01</UIGlow><UIForeground>01</UIForeground>
2：<UIForeground>F201F4</UIForeground><UIGlow>F201F5</UIGlow>热独头弹<UIGlow>01</UIGlow><UIForeground>01</UIForeground>
3：<UIForeground>F201F4</UIForeground><UIGlow>F201F5</UIGlow>热狙击弹<UIGlow>01</UIGlow><UIForeground>01</UIForeground>

<UIForeground>F201FA</UIForeground><UIGlow>F201FB</UIGlow>※过热状态中，变为热冲击。<UIGlow>01</UIGlow><UIForeground>01</UIForeground>"
19,"连击用技能。
使用时会按下列顺序发动战技。
如果连击过程中未满足战技的发动条件，则回到第一个技能重新发动连击。
<UIForeground>F201F8</UIForeground><UIGlow>F201F9</UIGlow>魔回刺发动条件：<UIGlow>01</UIGlow><UIForeground>01</UIForeground><UIForeground>F201F4</UIForeground><UIGlow>F201F5</UIGlow>白魔元<UIGlow>01</UIGlow><UIForeground>01</UIForeground>与<UIForeground>F201F4</UIForeground><UIGlow>F201F5</UIGlow>黑魔元<UIGlow>01</UIGlow><UIForeground>01</UIForeground>均达到50

1：<UIForeground>F201F4</UIForeground><UIGlow>F201F5</UIGlow>魔回刺<UIGlow>01</UIGlow><UIForeground>01</UIForeground>
2：<UIForeground>F201F4</UIForeground><UIGlow>F201F5</UIGlow>魔交击斩<UIGlow>01</UIGlow><UIForeground>01</UIForeground>
3：<UIForeground>F201F4</UIForeground><UIGlow>F201F5</UIGlow>魔连攻<UIGlow>01</UIGlow><UIForeground>01</UIForeground>

<UIForeground>F201FA</UIForeground><UIGlow>F201FB</UIGlow>※赤核爆或赤神圣成功时，变为焦热。<UIGlow>01</UIGlow><UIForeground>01</UIForeground>"
20,"连击用技能。
使用时会按下列顺序发动战技。
如果连击过程中未满足战技的发动条件，则回到第一个技能重新发动连击。

1：<UIForeground>F201F4</UIForeground><UIGlow>F201F5</UIGlow>利刃斩<UIGlow>01</UIGlow><UIForeground>01</UIForeground>
2：<UIForeground>F201F4</UIForeground><UIGlow>F201F5</UIGlow>残暴弹<UIGlow>01</UIGlow><UIForeground>01</UIForeground>
3：<UIForeground>F201F4</UIForeground><UIGlow>F201F5</UIGlow>迅连斩<UIGlow>01</UIGlow><UIForeground>01</UIForeground>"
21,"连击用技能。
使用时会按下列顺序发动战技。
如果连击过程中未满足战技的发动条件，则回到第一个技能重新发动连击。
<UIForeground>F201F8</UIForeground><UIGlow>F201F9</UIGlow>烈牙发动条件：<UIGlow>01</UIGlow><UIForeground>01</UIForeground><UIForeground>F201F4</UIForeground><UIGlow>F201F5</UIGlow>晶壤<UIGlow>01</UIGlow><UIForeground>01</UIForeground>

1：<UIForeground>F201F4</UIForeground><UIGlow>F201F5</UIGlow>烈牙<UIGlow>01</UIGlow><UIForeground>01</UIForeground>
2：<UIForeground>F201F4</UIForeground><UIGlow>F201F5</UIGlow>猛兽爪<UIGlow>01</UIGlow><UIForeground>01</UIForeground>
3：<UIForeground>F201F4</UIForeground><UIGlow>F201F5</UIGlow>凶禽爪<UIGlow>01</UIGlow><UIForeground>01</UIForeground>"
22,"连击用技能。
使用时会按下列顺序发动战技。
如果连击过程中未满足战技的发动条件，则回到第一个技能重新发动连击。

1：<UIForeground>F201F4</UIForeground><UIGlow>F201F5</UIGlow>瀑泻<UIGlow>01</UIGlow><UIForeground>01</UIForeground>
2：<UIForeground>F201F4</UIForeground><UIGlow>F201F5</UIGlow>喷泉<UIGlow>01</UIGlow><UIForeground>01</UIForeground>

<UIForeground>F201FA</UIForeground><UIGlow>F201FB</UIGlow>※前冲步状态中，变为逆瀑泻。<UIGlow>01</UIGlow><UIForeground>01</UIForeground>
<UIForeground>F201FA</UIForeground><UIGlow>F201FB</UIGlow>※瀑泻成功时，且前冲步状态中，变为坠喷泉。<UIGlow>01</UIGlow><UIForeground>01</UIForeground>
<UIForeground>F201FA</UIForeground><UIGlow>F201FB</UIGlow>※跳舞模式中，变为蔷薇曲脚步。<UIGlow>01</UIGlow><UIForeground>01</UIForeground>"
23,"连击用技能。
使用时会按下列顺序发动战技。
如果连击过程中未满足战技的发动条件，则回到第一个技能重新发动连击。

1：<UIForeground>F201F4</UIForeground><UIGlow>F201F5</UIGlow>先锋剑<UIGlow>01</UIGlow><UIForeground>01</UIForeground>　<UIForeground>F201F8</UIForeground><UIGlow>F201F9</UIGlow>威力：<UIGlow>01</UIGlow><UIForeground>01</UIForeground>160
2：<UIForeground>F201F4</UIForeground><UIGlow>F201F5</UIGlow>公正剑<UIGlow>01</UIGlow><UIForeground>01</UIForeground>　<UIForeground>F201F8</UIForeground><UIGlow>F201F9</UIGlow>威力：<UIGlow>01</UIGlow><UIForeground>01</UIForeground>250
3：<UIForeground>F201F4</UIForeground><UIGlow>F201F5</UIGlow>游荡剑<UIGlow>01</UIGlow><UIForeground>01</UIForeground>　<UIForeground>F201F8</UIForeground><UIGlow>F201F9</UIGlow>威力：<UIGlow>01</UIGlow><UIForeground>01</UIForeground>320"
24,"连击用技能。
使用时会按下列顺序发动战技。
如果连击过程中未满足战技的发动条件，则回到第一个技能重新发动连击。

1：<UIForeground>F201F4</UIForeground><UIGlow>F201F5</UIGlow>日影斩<UIGlow>01</UIGlow><UIForeground>01</UIForeground>　<UIForeground>F201F8</UIForeground><UIGlow>F201F9</UIGlow>威力：<UIGlow>01</UIGlow><UIForeground>01</UIForeground>110
2：<UIForeground>F201F4</UIForeground><UIGlow>F201F5</UIGlow>大日食<UIGlow>01</UIGlow><UIForeground>01</UIForeground>　<UIForeground>F201F8</UIForeground><UIGlow>F201F9</UIGlow>威力：<UIGlow>01</UIGlow><UIForeground>01</UIForeground>200"
25,"连击用技能。
使用时会按下列顺序发动战技。
如果连击过程中未满足战技的发动条件，则回到第一个技能重新发动连击。

1：<UIForeground>F201F4</UIForeground><UIGlow>F201F5</UIGlow>利刃斩<UIGlow>01</UIGlow><UIForeground>01</UIForeground>　<UIForeground>F201F8</UIForeground><UIGlow>F201F9</UIGlow>威力：<UIGlow>01</UIGlow><UIForeground>01</UIForeground>200
2：<UIForeground>F201F4</UIForeground><UIGlow>F201F5</UIGlow>残暴弹<UIGlow>01</UIGlow><UIForeground>01</UIForeground>　<UIForeground>F201F8</UIForeground><UIGlow>F201F9</UIGlow>威力：<UIGlow>01</UIGlow><UIForeground>01</UIForeground>300
3：<UIForeground>F201F4</UIForeground><UIGlow>F201F5</UIGlow>迅连斩<UIGlow>01</UIGlow><UIForeground>01</UIForeground>　<UIForeground>F201F8</UIForeground><UIGlow>F201F9</UIGlow>威力：<UIGlow>01</UIGlow><UIForeground>01</UIForeground>400"
26,"连击用技能。
使用时会按下列顺序发动战技。
如果连击过程中未满足战技的发动条件，则回到第一个技能重新发动连击。

1：<UIForeground>F201F4</UIForeground><UIGlow>F201F5</UIGlow>死天枪<UIGlow>01</UIGlow><UIForeground>01</UIForeground>　<UIForeground>F201F8</UIForeground><UIGlow>F201F9</UIGlow>威力：<UIGlow>01</UIGlow><UIForeground>01</UIForeground>400
2：<UIForeground>F201F4</UIForeground><UIGlow>F201F5</UIGlow>音速刺<UIGlow>01</UIGlow><UIForeground>01</UIForeground>　<UIForeground>F201F8</UIForeground><UIGlow>F201F9</UIGlow>威力：<UIGlow>01</UIGlow><UIForeground>01</UIForeground>450
3：<UIForeground>F201F4</UIForeground><UIGlow>F201F5</UIGlow>山境酷刑<UIGlow>01</UIGlow><UIForeground>01</UIForeground>　<UIForeground>F201F8</UIForeground><UIGlow>F201F9</UIGlow>威力：<UIGlow>01</UIGlow><UIForeground>01</UIForeground>500"
27,"连击用技能。
使用时会按下列顺序发动战技。
如果连击过程中未满足战技的发动条件，则回到第一个技能重新发动连击。

1：<UIForeground>F201F4</UIForeground><UIGlow>F201F5</UIGlow>全蚀斩<UIGlow>01</UIGlow><UIForeground>01</UIForeground>
2：<UIForeground>F201F4</UIForeground><UIGlow>F201F5</UIGlow>日珥斩<UIGlow>01</UIGlow><UIForeground>01</UIForeground>

<UIForeground>F201FA</UIForeground><UIGlow>F201FB</UIGlow>※忠义之剑状态中，变为荣耀斩。<UIGlow>01</UIGlow><UIForeground>01</UIForeground>"
28,"连击用技能。
使用时会按下列顺序发动战技。
如果连击过程中未满足战技的发动条件，则回到第一个技能重新发动连击。

1：<UIForeground>F201F4</UIForeground><UIGlow>F201F5</UIGlow>秘银暴风<UIGlow>01</UIGlow><UIForeground>01</UIForeground>
2：<UIForeground>F201F4</UIForeground><UIGlow>F201F5</UIGlow>钢铁旋风<UIGlow>01</UIGlow><UIForeground>01</UIForeground>"
29,"连击用技能。
使用时会按下列顺序发动战技。
如果连击过程中未满足战技的发动条件，则回到第一个技能重新发动连击。

1：<UIForeground>F201F4</UIForeground><UIGlow>F201F5</UIGlow>释放<UIGlow>01</UIGlow><UIForeground>01</UIForeground>
2：<UIForeground>F201F4</UIForeground><UIGlow>F201F5</UIGlow>刚魂<UIGlow>01</UIGlow><UIForeground>01</UIForeground>"
30,"连击用技能。
使用时会按下列顺序发动战技。
如果连击过程中未满足战技的发动条件，则回到第一个技能重新发动连击。

1：<UIForeground>F201F4</UIForeground><UIGlow>F201F5</UIGlow>四面脚<UIGlow>01</UIGlow><UIForeground>01</UIForeground>
2：<UIForeground>F201F4</UIForeground><UIGlow>F201F5</UIGlow>地烈劲<UIGlow>01</UIGlow><UIForeground>01</UIForeground>"
31,"连击用技能。
使用时会按下列顺序发动战技。
如果连击过程中未满足战技的发动条件，则回到第一个技能重新发动连击。

1：<UIForeground>F201F4</UIForeground><UIGlow>F201F5</UIGlow>死天枪<UIGlow>01</UIGlow><UIForeground>01</UIForeground>
2：<UIForeground>F201F4</UIForeground><UIGlow>F201F5</UIGlow>音速刺<UIGlow>01</UIGlow><UIForeground>01</UIForeground>
3：<UIForeground>F201F4</UIForeground><UIGlow>F201F5</UIGlow>山境酷刑<UIGlow>01</UIGlow><UIForeground>01</UIForeground>"
32,"连击用技能。
使用时会按下列顺序发动战技。
如果连击过程中未满足战技的发动条件，则回到第一个技能重新发动连击。

1：<UIForeground>F201F4</UIForeground><UIGlow>F201F5</UIGlow>血雨飞花<UIGlow>01</UIGlow><UIForeground>01</UIForeground>
2：<UIForeground>F201F4</UIForeground><UIGlow>F201F5</UIGlow>八卦无刃杀<UIGlow>01</UIGlow><UIForeground>01</UIForeground>

<UIForeground>F201FA</UIForeground><UIGlow>F201FB</UIGlow>※三印自在状态中，变为劫火灭却之术。<UIGlow>01</UIGlow><UIForeground>01</UIForeground>"
33,"连击用技能。
使用时会按下列顺序发动战技。
如果连击过程中未满足战技的发动条件，则回到第一个技能重新发动连击。

1：<UIForeground>F201F4</UIForeground><UIGlow>F201F5</UIGlow>雪风<UIGlow>01</UIGlow><UIForeground>01</UIForeground>
2：<UIForeground>F201F4</UIForeground><UIGlow>F201F5</UIGlow>月光<UIGlow>01</UIGlow><UIForeground>01</UIForeground>
3：<UIForeground>F201F4</UIForeground><UIGlow>F201F5</UIGlow>花车<UIGlow>01</UIGlow><UIForeground>01</UIForeground>"
34,"连击用技能。
使用时会按下列顺序发动战技。
如果连击过程中未满足战技的发动条件，则回到第一个技能重新发动连击。

1：<UIForeground>F201F4</UIForeground><UIGlow>F201F5</UIGlow>满月<UIGlow>01</UIGlow><UIForeground>01</UIForeground>
2：<UIForeground>F201F4</UIForeground><UIGlow>F201F5</UIGlow>樱花<UIGlow>01</UIGlow><UIForeground>01</UIForeground>"
35,"连击用技能。
使用时会按下列顺序发动战技。
如果连击过程中未满足战技的发动条件，则回到第一个技能重新发动连击。

1：<UIForeground>F201F4</UIForeground><UIGlow>F201F5</UIGlow>恶魔切<UIGlow>01</UIGlow><UIForeground>01</UIForeground>
2：<UIForeground>F201F4</UIForeground><UIGlow>F201F5</UIGlow>恶魔杀<UIGlow>01</UIGlow><UIForeground>01</UIForeground>"
36,"连击用技能。
使用时会按下列顺序发动战技。
如果连击过程中未满足战技的发动条件，则回到第一个技能重新发动连击。

1：<UIForeground>F201F4</UIForeground><UIGlow>F201F5</UIGlow>风车<UIGlow>01</UIGlow><UIForeground>01</UIForeground>
2：<UIForeground>F201F4</UIForeground><UIGlow>F201F5</UIGlow>落刃雨<UIGlow>01</UIGlow><UIForeground>01</UIForeground>

<UIForeground>F201FA</UIForeground><UIGlow>F201FB</UIGlow>※前冲步状态中，变为升风车。<UIGlow>01</UIGlow><UIForeground>01</UIForeground>
<UIForeground>F201FA</UIForeground><UIGlow>F201FB</UIGlow>※风车成功时，且前冲步状态中，变为落血雨。<UIGlow>01</UIGlow><UIForeground>01</UIForeground>
<UIForeground>F201FA</UIForeground><UIGlow>F201FB</UIGlow>※跳舞模式中，变为小鸟交叠跳。<UIGlow>01</UIGlow><UIForeground>01</UIForeground>"
37,"连击用技能。
使用时会按下列顺序发动战技。
如果连击过程中未满足战技的发动条件，则回到第一个技能重新发动连击。

1：<UIForeground>F201F4</UIForeground><UIGlow>F201F5</UIGlow>极风<UIGlow>01</UIGlow><UIForeground>01</UIForeground>　<UIForeground>F201F8</UIForeground><UIGlow>F201F9</UIGlow>威力：<UIGlow>01</UIGlow><UIForeground>01</UIForeground>130
2：<UIForeground>F201F4</UIForeground><UIGlow>F201F5</UIGlow>豪风<UIGlow>01</UIGlow><UIForeground>01</UIForeground>　<UIForeground>F201F8</UIForeground><UIGlow>F201F9</UIGlow>威力：<UIGlow>01</UIGlow><UIForeground>01</UIForeground>280
3：<UIForeground>F201F4</UIForeground><UIGlow>F201F5</UIGlow>夜月<UIGlow>01</UIGlow><UIForeground>01</UIForeground>　<UIForeground>F201F8</UIForeground><UIGlow>F201F9</UIGlow>威力：<UIGlow>01</UIGlow><UIForeground>01</UIForeground>330"
38,"连击用技能。
使用时会按下列顺序发动战技。
如果连击过程中未满足战技的发动条件，则回到第一个技能重新发动连击。

1：<UIForeground>F201F4</UIForeground><UIGlow>F201F5</UIGlow>以太光剑<UIGlow>01</UIGlow><UIForeground>01</UIForeground>　<UIForeground>F201F8</UIForeground><UIGlow>F201F9</UIGlow>威力：<UIGlow>01</UIGlow><UIForeground>01</UIForeground>840　<UIForeground>F201F8</UIForeground><UIGlow>F201F9</UIGlow>消耗能量：<UIGlow>01</UIGlow><UIForeground>01</UIForeground>300
2：<UIForeground>F201F4</UIForeground><UIGlow>F201F5</UIGlow>以太连斩<UIGlow>01</UIGlow><UIForeground>01</UIForeground>　<UIForeground>F201F8</UIForeground><UIGlow>F201F9</UIGlow>威力：<UIGlow>01</UIGlow><UIForeground>01</UIForeground>1200　<UIForeground>F201F8</UIForeground><UIGlow>F201F9</UIGlow>消耗能量：<UIGlow>01</UIGlow><UIForeground>01</UIForeground>300
3：<UIForeground>F201F4</UIForeground><UIGlow>F201F5</UIGlow>最终一击<UIGlow>01</UIGlow><UIForeground>01</UIForeground>　<UIForeground>F201F8</UIForeground><UIGlow>F201F9</UIGlow>威力：<UIGlow>01</UIGlow><UIForeground>01</UIForeground>1940　<UIForeground>F201F8</UIForeground><UIGlow>F201F9</UIGlow>消耗能量：<UIGlow>01</UIGlow><UIForeground>01</UIForeground>300"
39,"连击用技能。
使用时会按下列顺序发动魔法。
如果连击过程中未满足魔法的发动条件，则回到第一个技能重新发动连击。

1：<UIForeground>F201F4</UIForeground><UIGlow>F201F5</UIGlow>赤火炎<UIGlow>01</UIGlow><UIForeground>01</UIForeground>　<UIForeground>F201F8</UIForeground><UIGlow>F201F9</UIGlow>威力：<UIGlow>01</UIGlow><UIForeground>01</UIForeground>310　<UIForeground>F201F8</UIForeground><UIGlow>F201F9</UIGlow>消耗魔力：<UIGlow>01</UIGlow><UIForeground>01</UIForeground>200
2：<UIForeground>F201F4</UIForeground><UIGlow>F201F5</UIGlow>赤疾风<UIGlow>01</UIGlow><UIForeground>01</UIForeground>　<UIForeground>F201F8</UIForeground><UIGlow>F201F9</UIGlow>威力：<UIGlow>01</UIGlow><UIForeground>01</UIForeground>370　<UIForeground>F201F8</UIForeground><UIGlow>F201F9</UIGlow>消耗魔力：<UIGlow>01</UIGlow><UIForeground>01</UIForeground>300
3：<UIForeground>F201F4</UIForeground><UIGlow>F201F5</UIGlow>赤飞石<UIGlow>01</UIGlow><UIForeground>01</UIForeground>　<UIForeground>F201F8</UIForeground><UIGlow>F201F9</UIGlow>威力：<UIGlow>01</UIGlow><UIForeground>01</UIForeground>310　<UIForeground>F201F8</UIForeground><UIGlow>F201F9</UIGlow>消耗魔力：<UIGlow>01</UIGlow><UIForeground>01</UIForeground>200
4：<UIForeground>F201F4</UIForeground><UIGlow>F201F5</UIGlow>赤核爆<UIGlow>01</UIGlow><UIForeground>01</UIForeground>　<UIForeground>F201F8</UIForeground><UIGlow>F201F9</UIGlow>威力：<UIGlow>01</UIGlow><UIForeground>01</UIForeground>600　<UIForeground>F201F8</UIForeground><UIGlow>F201F9</UIGlow>消耗魔力：<UIGlow>01</UIGlow><UIForeground>01</UIForeground>400"
40,"连击用技能。
使用时会按下列顺序发动魔法。
如果连击过程中未满足魔法的发动条件，则回到第一个技能重新发动连击。

1：<UIForeground>F201F4</UIForeground><UIGlow>F201F5</UIGlow>炽炎<UIGlow>01</UIGlow><UIForeground>01</UIForeground>　<UIForeground>F201F8</UIForeground><UIGlow>F201F9</UIGlow>威力：<UIGlow>01</UIGlow><UIForeground>01</UIForeground>300　<UIForeground>F201F8</UIForeground><UIGlow>F201F9</UIGlow>消耗魔力：<UIGlow>01</UIGlow><UIForeground>01</UIForeground>800
2：<UIForeground>F201F4</UIForeground><UIGlow>F201F5</UIGlow>炽炎<UIGlow>01</UIGlow><UIForeground>01</UIForeground>　<UIForeground>F201F8</UIForeground><UIGlow>F201F9</UIGlow>威力：<UIGlow>01</UIGlow><UIForeground>01</UIForeground>300　<UIForeground>F201F8</UIForeground><UIGlow>F201F9</UIGlow>消耗魔力：<UIGlow>01</UIGlow><UIForeground>01</UIForeground>800
3：<UIForeground>F201F4</UIForeground><UIGlow>F201F5</UIGlow>炽炎<UIGlow>01</UIGlow><UIForeground>01</UIForeground>　<UIForeground>F201F8</UIForeground><UIGlow>F201F9</UIGlow>威力：<UIGlow>01</UIGlow><UIForeground>01</UIForeground>300　<UIForeground>F201F8</UIForeground><UIGlow>F201F9</UIGlow>消耗魔力：<UIGlow>01</UIGlow><UIForeground>01</UIForeground>800
4：<UIForeground>F201F4</UIForeground><UIGlow>F201F5</UIGlow>秽浊<UIGlow>01</UIGlow><UIForeground>01</UIForeground>　<UIForeground>F201F8</UIForeground><UIGlow>F201F9</UIGlow>威力：<UIGlow>01</UIGlow><UIForeground>01</UIForeground>650"
41,"连击用技能。
使用时会按下列顺序发动能力。
如果连击过程中未满足能力的发动条件，则回到第一个技能重新发动连击。

1：<UIForeground>F201F4</UIForeground><UIGlow>F201F5</UIGlow>命运抽卡<UIGlow>01</UIGlow><UIForeground>01</UIForeground>
在命运的指引下，抽取一张奥秘卡
<UIForeground>F201F8</UIForeground><UIGlow>F201F9</UIGlow>追加效果：<UIGlow>01</UIGlow><UIForeground>01</UIForeground>恢复自身最大魔力的10%

2：<UIForeground>F201F4</UIForeground><UIGlow>F201F5</UIGlow>王冠之领主<UIGlow>01</UIGlow><UIForeground>01</UIForeground>
对目标发动无属性魔法攻击　<UIForeground>F201F8</UIForeground><UIGlow>F201F9</UIGlow>威力：<UIGlow>01</UIGlow><UIForeground>01</UIForeground>270"
42,"连击用技能。
使用时会按下列顺序发动能力。
如果连击过程中未满足能力的发动条件，则回到第一个技能重新发动连击。

1：<UIForeground>F201F4</UIForeground><UIGlow>F201F5</UIGlow>袖内抽卡·命运<UIGlow>01</UIGlow><UIForeground>01</UIForeground>
在命运的指引下，抽取一张奥秘卡
<UIForeground>F201F8</UIForeground><UIGlow>F201F9</UIGlow>追加效果：<UIGlow>01</UIGlow><UIForeground>01</UIForeground>恢复自身最大魔力的20%

2：<UIForeground>F201F4</UIForeground><UIGlow>F201F5</UIGlow>河流神的卷轴<UIGlow>01</UIGlow><UIForeground>01</UIForeground>
为自身与周围队员附加河流神的卷轴　<UIForeground>F201F8</UIForeground><UIGlow>F201F9</UIGlow>持续时间：<UIGlow>01</UIGlow><UIForeground>01</UIForeground>30秒
<UIForeground>F201F8</UIForeground><UIGlow>F201F9</UIGlow>河流神的卷轴效果：<UIGlow>01</UIGlow><UIForeground>01</UIForeground>攻击所造成的伤害提高，自动攻击间隔缩短，同时战技与魔法的咏唱及复唱时间也会缩短"
43,"连击用技能。
使用时会按下列顺序发动战技。
如果连击过程中未满足战技的发动条件，则回到第一个技能重新发动连击。

1：<UIForeground>F201F4</UIForeground><UIGlow>F201F5</UIGlow>短兵相接<UIGlow>01</UIGlow><UIForeground>01</UIForeground>　<UIForeground>F201F8</UIForeground><UIGlow>F201F9</UIGlow>威力：<UIGlow>01</UIGlow><UIForeground>01</UIForeground>130
2：<UIForeground>F201F4</UIForeground><UIGlow>F201F5</UIGlow>魔回刺<UIGlow>01</UIGlow><UIForeground>01</UIForeground>　<UIForeground>F201F8</UIForeground><UIGlow>F201F9</UIGlow>威力：<UIGlow>01</UIGlow><UIForeground>01</UIForeground>220
3：<UIForeground>F201F4</UIForeground><UIGlow>F201F5</UIGlow>魔交击斩<UIGlow>01</UIGlow><UIForeground>01</UIForeground>　<UIForeground>F201F8</UIForeground><UIGlow>F201F9</UIGlow>威力：<UIGlow>01</UIGlow><UIForeground>01</UIForeground>290
4：<UIForeground>F201F4</UIForeground><UIGlow>F201F5</UIGlow>魔连攻<UIGlow>01</UIGlow><UIForeground>01</UIForeground>　<UIForeground>F201F8</UIForeground><UIGlow>F201F9</UIGlow>威力：<UIGlow>01</UIGlow><UIForeground>01</UIForeground>470
5：<UIForeground>F201F4</UIForeground><UIGlow>F201F5</UIGlow>移转<UIGlow>01</UIGlow><UIForeground>01</UIForeground>　<UIForeground>F201F8</UIForeground><UIGlow>F201F9</UIGlow>威力：<UIGlow>01</UIGlow><UIForeground>01</UIForeground>130
6：<UIForeground>F201F4</UIForeground><UIGlow>F201F5</UIGlow>赤神圣<UIGlow>01</UIGlow><UIForeground>01</UIForeground>　<UIForeground>F201F8</UIForeground><UIGlow>F201F9</UIGlow>威力：<UIGlow>01</UIGlow><UIForeground>01</UIForeground>600　<UIForeground>F201F8</UIForeground><UIGlow>F201F9</UIGlow>消耗魔力：<UIGlow>01</UIGlow><UIForeground>01</UIForeground>400
7：<UIForeground>F201F4</UIForeground><UIGlow>F201F5</UIGlow>焦热<UIGlow>01</UIGlow><UIForeground>01</UIForeground>　<UIForeground>F201F8</UIForeground><UIGlow>F201F9</UIGlow>威力：<UIGlow>01</UIGlow><UIForeground>01</UIForeground>700　<UIForeground>F201F8</UIForeground><UIGlow>F201F9</UIGlow>消耗魔力：<UIGlow>01</UIGlow><UIForeground>01</UIForeground>400"
44,"连击用技能。
使用时会按下列顺序发动战技。
如果连击过程中未满足战技的发动条件，则回到第一个技能重新发动连击。

1：<UIForeground>F201F4</UIForeground><UIGlow>F201F5</UIGlow>先锋剑<UIGlow>01</UIGlow><UIForeground>01</UIForeground>　<UIForeground>F201F8</UIForeground><UIGlow>F201F9</UIGlow>威力：<UIGlow>01</UIGlow><UIForeground>01</UIForeground>200
2：<UIForeground>F201F4</UIForeground><UIGlow>F201F5</UIGlow>暴乱剑<UIGlow>01</UIGlow><UIForeground>01</UIForeground>　<UIForeground>F201F8</UIForeground><UIGlow>F201F9</UIGlow>威力：<UIGlow>01</UIGlow><UIForeground>01</UIForeground>300
3：<UIForeground>F201F4</UIForeground><UIGlow>F201F5</UIGlow>战女神之怒<UIGlow>01</UIGlow><UIForeground>01</UIForeground>　<UIForeground>F201F8</UIForeground><UIGlow>F201F9</UIGlow>威力：<UIGlow>01</UIGlow><UIForeground>01</UIForeground>350"
45,"连击用技能。
使用时会按下列顺序发动魔法。
如果连击过程中未满足魔法的发动条件，则回到第一个技能重新发动连击。

1：<UIForeground>F201F4</UIForeground><UIGlow>F201F5</UIGlow>赤火炎<UIGlow>01</UIGlow><UIForeground>01</UIForeground>　<UIForeground>F201F8</UIForeground><UIGlow>F201F9</UIGlow>威力：<UIGlow>01</UIGlow><UIForeground>01</UIForeground>340　<UIForeground>F201F8</UIForeground><UIGlow>F201F9</UIGlow>消耗魔力：<UIGlow>01</UIGlow><UIForeground>01</UIForeground>200
2：<UIForeground>F201F4</UIForeground><UIGlow>F201F5</UIGlow>赤疾风<UIGlow>01</UIGlow><UIForeground>01</UIForeground>　<UIForeground>F201F8</UIForeground><UIGlow>F201F9</UIGlow>威力：<UIGlow>01</UIGlow><UIForeground>01</UIForeground>370　<UIForeground>F201F8</UIForeground><UIGlow>F201F9</UIGlow>消耗魔力：<UIGlow>01</UIGlow><UIForeground>01</UIForeground>300
3：<UIForeground>F201F4</UIForeground><UIGlow>F201F5</UIGlow>赤飞石<UIGlow>01</UIGlow><UIForeground>01</UIForeground>　<UIForeground>F201F8</UIForeground><UIGlow>F201F9</UIGlow>威力：<UIGlow>01</UIGlow><UIForeground>01</UIForeground>340　<UIForeground>F201F8</UIForeground><UIGlow>F201F9</UIGlow>消耗魔力：<UIGlow>01</UIGlow><UIForeground>01</UIForeground>200
4：<UIForeground>F201F4</UIForeground><UIGlow>F201F5</UIGlow>赤闪雷<UIGlow>01</UIGlow><UIForeground>01</UIForeground>　<UIForeground>F201F8</UIForeground><UIGlow>F201F9</UIGlow>威力：<UIGlow>01</UIGlow><UIForeground>01</UIForeground>370　<UIForeground>F201F8</UIForeground><UIGlow>F201F9</UIGlow>消耗魔力：<UIGlow>01</UIGlow><UIForeground>01</UIForeground>300
5：<UIForeground>F201F4</UIForeground><UIGlow>F201F5</UIGlow>赤核爆<UIGlow>01</UIGlow><UIForeground>01</UIForeground>　<UIForeground>F201F8</UIForeground><UIGlow>F201F9</UIGlow>威力：<UIGlow>01</UIGlow><UIForeground>01</UIForeground>600　<UIForeground>F201F8</UIForeground><UIGlow>F201F9</UIGlow>消耗魔力：<UIGlow>01</UIGlow><UIForeground>01</UIForeground>400"
46,"连击用技能。
使用时会按下列顺序发动技能。
如果连击过程中未满足技能的发动条件，则回到第一个技能重新发动连击。

1：<UIForeground>F201F4</UIForeground><UIGlow>F201F5</UIGlow>短兵相接<UIGlow>01</UIGlow><UIForeground>01</UIForeground>　<UIForeground>F201F8</UIForeground><UIGlow>F201F9</UIGlow>威力：<UIGlow>01</UIGlow><UIForeground>01</UIForeground>130
2：<UIForeground>F201F4</UIForeground><UIGlow>F201F5</UIGlow>魔回刺<UIGlow>01</UIGlow><UIForeground>01</UIForeground>　<UIForeground>F201F8</UIForeground><UIGlow>F201F9</UIGlow>威力：<UIGlow>01</UIGlow><UIForeground>01</UIForeground>220
3：<UIForeground>F201F4</UIForeground><UIGlow>F201F5</UIGlow>魔交击斩<UIGlow>01</UIGlow><UIForeground>01</UIForeground>　<UIForeground>F201F8</UIForeground><UIGlow>F201F9</UIGlow>威力：<UIGlow>01</UIGlow><UIForeground>01</UIForeground>290
4：<UIForeground>F201F4</UIForeground><UIGlow>F201F5</UIGlow>魔连攻<UIGlow>01</UIGlow><UIForeground>01</UIForeground>　<UIForeground>F201F8</UIForeground><UIGlow>F201F9</UIGlow>威力：<UIGlow>01</UIGlow><UIForeground>01</UIForeground>470
5：<UIForeground>F201F4</UIForeground><UIGlow>F201F5</UIGlow>交剑<UIGlow>01</UIGlow><UIForeground>01</UIForeground>　<UIForeground>F201F8</UIForeground><UIGlow>F201F9</UIGlow>威力：<UIGlow>01</UIGlow><UIForeground>01</UIForeground>150
6：<UIForeground>F201F4</UIForeground><UIGlow>F201F5</UIGlow>赤神圣<UIGlow>01</UIGlow><UIForeground>01</UIForeground>　<UIForeground>F201F8</UIForeground><UIGlow>F201F9</UIGlow>威力：<UIGlow>01</UIGlow><UIForeground>01</UIForeground>600　<UIForeground>F201F8</UIForeground><UIGlow>F201F9</UIGlow>消耗魔力：<UIGlow>01</UIGlow><UIForeground>01</UIForeground>400
7：<UIForeground>F201F4</UIForeground><UIGlow>F201F5</UIGlow>焦热<UIGlow>01</UIGlow><UIForeground>01</UIForeground>　<UIForeground>F201F8</UIForeground><UIGlow>F201F9</UIGlow>威力：<UIGlow>01</UIGlow><UIForeground>01</UIForeground>700　<UIForeground>F201F8</UIForeground><UIGlow>F201F9</UIGlow>消耗魔力：<UIGlow>01</UIGlow><UIForeground>01</UIForeground>400"
47,"连击用技能。
使用时会按下列顺序发动战技。
如果连击过程中未满足战技的发动条件，则回到第一个技能重新发动连击。

1：<UIForeground>F201F4</UIForeground><UIGlow>F201F5</UIGlow>利刃斩<UIGlow>01</UIGlow><UIForeground>01</UIForeground>　<UIForeground>F201F8</UIForeground><UIGlow>F201F9</UIGlow>威力：<UIGlow>01</UIGlow><UIForeground>01</UIForeground>200
2：<UIForeground>F201F4</UIForeground><UIGlow>F201F5</UIGlow>残暴弹<UIGlow>01</UIGlow><UIForeground>01</UIForeground>　<UIForeground>F201F8</UIForeground><UIGlow>F201F9</UIGlow>威力：<UIGlow>01</UIGlow><UIForeground>01</UIForeground>300
3：<UIForeground>F201F4</UIForeground><UIGlow>F201F5</UIGlow>迅连斩<UIGlow>01</UIGlow><UIForeground>01</UIForeground>　<UIForeground>F201F8</UIForeground><UIGlow>F201F9</UIGlow>威力：<UIGlow>01</UIGlow><UIForeground>01</UIForeground>400"
48,"连击用技能。
使用时会按下列顺序发动战技。
如果连击过程中未满足战技的发动条件，则回到第一个技能重新发动连击。

1：<UIForeground>F201F4</UIForeground><UIGlow>F201F5</UIGlow>切割<UIGlow>01</UIGlow><UIForeground>01</UIForeground>
2：<UIForeground>F201F4</UIForeground><UIGlow>F201F5</UIGlow>增盈切割<UIGlow>01</UIGlow><UIForeground>01</UIForeground>
3：<UIForeground>F201F4</UIForeground><UIGlow>F201F5</UIGlow>地狱切割<UIGlow>01</UIGlow><UIForeground>01</UIForeground>

<UIForeground>F201FA</UIForeground><UIGlow>F201FB</UIGlow>※妖异之镰状态中，变为绞决。<UIGlow>01</UIGlow><UIForeground>01</UIForeground>
<UIForeground>F201FA</UIForeground><UIGlow>F201FB</UIGlow>※妖异之镰且缢杀效果提高状态中，变为缢杀。<UIGlow>01</UIGlow><UIForeground>01</UIForeground>
<UIForeground>F201FA</UIForeground><UIGlow>F201FB</UIGlow>※夜游魂状态中，变为虚无收割。<UIGlow>01</UIGlow><UIForeground>01</UIForeground>
<UIForeground>F201FA</UIForeground><UIGlow>F201FB</UIGlow>※夜游魂且交错收割效果提高状态中，变为交错收割。<UIGlow>01</UIGlow><UIForeground>01</UIForeground>"
49,"连击用技能。
使用时会按下列顺序发动战技。
如果连击过程中未满足战技的发动条件，则回到第一个技能重新发动连击。

1：<UIForeground>F201F4</UIForeground><UIGlow>F201F5</UIGlow>旋转钐割<UIGlow>01</UIGlow><UIForeground>01</UIForeground>
2：<UIForeground>F201F4</UIForeground><UIGlow>F201F5</UIGlow>噩梦钐割<UIGlow>01</UIGlow><UIForeground>01</UIForeground>

<UIForeground>F201FA</UIForeground><UIGlow>F201FB</UIGlow>※妖异之镰状态中，变为断首。<UIGlow>01</UIGlow><UIForeground>01</UIForeground>
<UIForeground>F201FA</UIForeground><UIGlow>F201FB</UIGlow>※夜游魂状态中，变为阴冷收割。<UIGlow>01</UIGlow><UIForeground>01</UIForeground>"
50,"连击用技能。
使用时会按下列顺序发动战技。
如果连击过程中未满足战技的发动条件，则回到第一个技能重新发动连击。

1：<UIForeground>F201F4</UIForeground><UIGlow>F201F5</UIGlow>先锋剑<UIGlow>01</UIGlow><UIForeground>01</UIForeground>
2：<UIForeground>F201F4</UIForeground><UIGlow>F201F5</UIGlow>暴乱剑<UIGlow>01</UIGlow><UIForeground>01</UIForeground>
3：<UIForeground>F201F4</UIForeground><UIGlow>F201F5</UIGlow>王权剑<UIGlow>01</UIGlow><UIForeground>01</UIForeground>

<UIForeground>F201FA</UIForeground><UIGlow>F201FB</UIGlow>※赎罪剑预备状态中，变为赎罪剑。<UIGlow>01</UIGlow><UIForeground>01</UIForeground>
<UIForeground>F201FA</UIForeground><UIGlow>F201FB</UIGlow>※祈告剑预备状态中，变为祈告剑。<UIGlow>01</UIGlow><UIForeground>01</UIForeground>
<UIForeground>F201FA</UIForeground><UIGlow>F201FB</UIGlow>※葬送剑预备状态中，变为葬送剑。<UIGlow>01</UIGlow><UIForeground>01</UIForeground>"
51,"连击用技能。
使用时会按下列顺序发动战技。
如果连击过程中未满足战技的发动条件，则回到第一个技能重新发动连击。

1：<UIForeground>F201F4</UIForeground><UIGlow>F201F5</UIGlow>重劈<UIGlow>01</UIGlow><UIForeground>01</UIForeground>
2：<UIForeground>F201F4</UIForeground><UIGlow>F201F5</UIGlow>凶残裂<UIGlow>01</UIGlow><UIForeground>01</UIForeground>
3：<UIForeground>F201F4</UIForeground><UIGlow>F201F5</UIGlow>暴风斩<UIGlow>01</UIGlow><UIForeground>01</UIForeground>

<UIForeground>F201FA</UIForeground><UIGlow>F201FB</UIGlow>※原初的解放状态中，变为裂石飞环。<UIGlow>01</UIGlow><UIForeground>01</UIForeground>"
52,"连击用技能。
使用时会按下列顺序发动战技。
如果连击过程中未满足战技的发动条件，则回到第一个技能重新发动连击。

1：<UIForeground>F201F4</UIForeground><UIGlow>F201F5</UIGlow>重斩<UIGlow>01</UIGlow><UIForeground>01</UIForeground>
2：<UIForeground>F201F4</UIForeground><UIGlow>F201F5</UIGlow>吸收斩<UIGlow>01</UIGlow><UIForeground>01</UIForeground>
3：<UIForeground>F201F4</UIForeground><UIGlow>F201F5</UIGlow>噬魂斩<UIGlow>01</UIGlow><UIForeground>01</UIForeground>

<UIForeground>F201FA</UIForeground><UIGlow>F201FB</UIGlow>※暗血状态中，变为血红乱。<UIGlow>01</UIGlow><UIForeground>01</UIForeground>
<UIForeground>F201FA</UIForeground><UIGlow>F201FB</UIGlow>※暗血且报应预备状态中，变为报应。<UIGlow>01</UIGlow><UIForeground>01</UIForeground>
<UIForeground>F201FA</UIForeground><UIGlow>F201FB</UIGlow>※暗血且戮山预备状态中，变为戮山。<UIGlow>01</UIGlow><UIForeground>01</UIForeground>"
53,"连击用技能。
使用时会按下列顺序发动战技。
如果连击过程中未满足战技的发动条件，则回到第一个技能重新发动连击。

1：<UIForeground>F201F4</UIForeground><UIGlow>F201F5</UIGlow>利刃斩<UIGlow>01</UIGlow><UIForeground>01</UIForeground>
2：<UIForeground>F201F4</UIForeground><UIGlow>F201F5</UIGlow>残暴弹<UIGlow>01</UIGlow><UIForeground>01</UIForeground>
3：<UIForeground>F201F4</UIForeground><UIGlow>F201F5</UIGlow>迅连斩<UIGlow>01</UIGlow><UIForeground>01</UIForeground>
4：<UIForeground>F201F4</UIForeground><UIGlow>F201F5</UIGlow>爆发击<UIGlow>01</UIGlow><UIForeground>01</UIForeground>"
54,"连击用技能。
使用时会按下列顺序发动战技。
如果连击过程中未满足战技的发动条件，则回到第一个技能重新发动连击。

1：<UIForeground>F201F4</UIForeground><UIGlow>F201F5</UIGlow>瀑泻<UIGlow>01</UIGlow><UIForeground>01</UIForeground>
2：<UIForeground>F201F4</UIForeground><UIGlow>F201F5</UIGlow>喷泉<UIGlow>01</UIGlow><UIForeground>01</UIForeground>

<UIForeground>F201FA</UIForeground><UIGlow>F201FB</UIGlow>※前冲步状态中，变为逆瀑泻。<UIGlow>01</UIGlow><UIForeground>01</UIForeground>
<UIForeground>F201FA</UIForeground><UIGlow>F201FB</UIGlow>※前冲步状态中，且瀑泻或逆瀑泻成功时，变为坠喷泉。<UIGlow>01</UIGlow><UIForeground>01</UIForeground>
<UIForeground>F201FA</UIForeground><UIGlow>F201FB</UIGlow>※剑舞预备状态中，变为剑舞。<UIGlow>01</UIGlow><UIForeground>01</UIForeground>
<UIForeground>F201FA</UIForeground><UIGlow>F201FB</UIGlow>※剑舞预备且拂晓之谊状态中，变为拂晓舞。<UIGlow>01</UIGlow><UIForeground>01</UIForeground>"
55,"连击用技能。
使用时会按下列顺序发动战技。
如果连击过程中未满足战技的发动条件，则回到第一个技能重新发动连击。

1：<UIForeground>F201F4</UIForeground><UIGlow>F201F5</UIGlow>双龙脚<UIGlow>01</UIGlow><UIForeground>01</UIForeground>
2：<UIForeground>F201F4</UIForeground><UIGlow>F201F5</UIGlow>双掌打<UIGlow>01</UIGlow><UIForeground>01</UIForeground>
3：<UIForeground>F201F4</UIForeground><UIGlow>F201F5</UIGlow>破碎拳<UIGlow>01</UIGlow><UIForeground>01</UIForeground>
4：<UIForeground>F201F4</UIForeground><UIGlow>F201F5</UIGlow>猿舞连击<UIGlow>01</UIGlow><UIForeground>01</UIForeground>
5：<UIForeground>F201F4</UIForeground><UIGlow>F201F5</UIGlow>龙颚正拳<UIGlow>01</UIGlow><UIForeground>01</UIForeground>
6：<UIForeground>F201F4</UIForeground><UIGlow>F201F5</UIGlow>豹袭崩拳<UIGlow>01</UIGlow><UIForeground>01</UIForeground>
7：<UIForeground>F201F4</UIForeground><UIGlow>F201F5</UIGlow>梦幻斗舞<UIGlow>01</UIGlow><UIForeground>01</UIForeground>"
56,"连击用技能。
使用时会按下列顺序发动战技。
如果连击过程中未满足战技的发动条件，则回到第一个技能重新发动连击。

1：<UIForeground>F201F4</UIForeground><UIGlow>F201F5</UIGlow>龙眼雷电<UIGlow>01</UIGlow><UIForeground>01</UIForeground>
2：<UIForeground>F201F4</UIForeground><UIGlow>F201F5</UIGlow>龙牙龙爪<UIGlow>01</UIGlow><UIForeground>01</UIForeground>
3：<UIForeground>F201F4</UIForeground><UIGlow>F201F5</UIGlow>龙尾大回旋<UIGlow>01</UIGlow><UIForeground>01</UIForeground>
4：<UIForeground>F201F4</UIForeground><UIGlow>F201F5</UIGlow>云蒸龙变<UIGlow>01</UIGlow><UIForeground>01</UIForeground>

<UIForeground>F201FA</UIForeground><UIGlow>F201FB</UIGlow>※苍穹刺预备状态中，变为苍穹刺。<UIGlow>01</UIGlow><UIForeground>01</UIForeground>
<UIForeground>F201FA</UIForeground><UIGlow>F201FB</UIGlow>※渡星冲预备状态中，变为渡星冲。<UIGlow>01</UIGlow><UIForeground>01</UIForeground>"
57,"连击用技能。
使用时会按下列顺序发动战技。
如果连击过程中未满足战技的发动条件，则回到第一个技能重新发动连击。

1：<UIForeground>F201F4</UIForeground><UIGlow>F201F5</UIGlow>双刃旋<UIGlow>01</UIGlow><UIForeground>01</UIForeground>
2：<UIForeground>F201F4</UIForeground><UIGlow>F201F5</UIGlow>绝风<UIGlow>01</UIGlow><UIForeground>01</UIForeground>
3：<UIForeground>F201F4</UIForeground><UIGlow>F201F5</UIGlow>旋风刃<UIGlow>01</UIGlow><UIForeground>01</UIForeground>

<UIForeground>F201FA</UIForeground><UIGlow>F201FB</UIGlow>※隐遁状态中，变为断绝。<UIGlow>01</UIGlow><UIForeground>01</UIForeground>
<UIForeground>F201FA</UIForeground><UIGlow>F201FB</UIGlow>※三印自在状态中，变为月影雷兽爪。<UIGlow>01</UIGlow><UIForeground>01</UIForeground>
<UIForeground>F201FA</UIForeground><UIGlow>F201FB</UIGlow>※月影雷兽牙预备状态中，变为月影雷兽牙。<UIGlow>01</UIGlow><UIForeground>01</UIForeground>
<UIForeground>F201FA</UIForeground><UIGlow>F201FB</UIGlow>※是生灭法预备状态中，变为是生灭法。<UIGlow>01</UIGlow><UIForeground>01</UIForeground>"
58,"连击用技能。
使用时会按下列顺序发动战技。
如果连击过程中未满足战技的发动条件，则回到第一个技能重新发动连击。

1：<UIForeground>F201F4</UIForeground><UIGlow>F201F5</UIGlow>雪风<UIGlow>01</UIGlow><UIForeground>01</UIForeground>
2：<UIForeground>F201F4</UIForeground><UIGlow>F201F5</UIGlow>月光<UIGlow>01</UIGlow><UIForeground>01</UIForeground>
3：<UIForeground>F201F4</UIForeground><UIGlow>F201F5</UIGlow>花车<UIGlow>01</UIGlow><UIForeground>01</UIForeground>

<UIForeground>F201FA</UIForeground><UIGlow>F201FB</UIGlow>※回天状态中，变为冰雪。<UIGlow>01</UIGlow><UIForeground>01</UIForeground>
<UIForeground>F201FA</UIForeground><UIGlow>F201FB</UIGlow>※回天状态中，且雪风或冰雪成功时，变为满月。<UIGlow>01</UIGlow><UIForeground>01</UIForeground>
<UIForeground>F201FA</UIForeground><UIGlow>F201FB</UIGlow>※回天状态中，且月光或满月成功时，变为樱花。<UIGlow>01</UIGlow><UIForeground>01</UIForeground>"
59,"连击用技能。
使用时会按下列顺序发动战技。
如果连击过程中未满足战技的发动条件，则回到第一个技能重新发动连击。

1：<UIForeground>F201F4</UIForeground><UIGlow>F201F5</UIGlow>切割<UIGlow>01</UIGlow><UIForeground>01</UIForeground>
2：<UIForeground>F201F4</UIForeground><UIGlow>F201F5</UIGlow>增盈切割<UIGlow>01</UIGlow><UIForeground>01</UIForeground>
3：<UIForeground>F201F4</UIForeground><UIGlow>F201F5</UIGlow>地狱切割<UIGlow>01</UIGlow><UIForeground>01</UIForeground>

<UIForeground>F201FA</UIForeground><UIGlow>F201FB</UIGlow>※断首处刑预备状态中，变为断首处刑。<UIGlow>01</UIGlow><UIForeground>01</UIForeground>
<UIForeground>F201FA</UIForeground><UIGlow>F201FB</UIGlow>※夜游魂状态中，变为虚无收割。<UIGlow>01</UIGlow><UIForeground>01</UIForeground>
<UIForeground>F201FA</UIForeground><UIGlow>F201FB</UIGlow>※夜游魂状态中，且虚无收割成功时，变为交错收割。<UIGlow>01</UIGlow><UIForeground>01</UIForeground>"
60,"绅士的连击技能。
使用时会按下列顺序发动绅士的战技。
如果连击过程中未满足战技的发动条件，则回到第一个技能重新发动连击。

1：<UIForeground>F201F4</UIForeground><UIGlow>F201F5</UIGlow>绅士碎击<UIGlow>01</UIGlow><UIForeground>01</UIForeground>　<UIForeground>F201F8</UIForeground><UIGlow>F201F9</UIGlow>威力：<UIGlow>01</UIGlow><UIForeground>01</UIForeground>200
2：<UIForeground>F201F4</UIForeground><UIGlow>F201F5</UIGlow>绅士刺<UIGlow>01</UIGlow><UIForeground>01</UIForeground>　<UIForeground>F201F8</UIForeground><UIGlow>F201F9</UIGlow>威力：<UIGlow>01</UIGlow><UIForeground>01</UIForeground>300
3：<UIForeground>F201F4</UIForeground><UIGlow>F201F5</UIGlow>绅士之怒<UIGlow>01</UIGlow><UIForeground>01</UIForeground>　<UIForeground>F201F8</UIForeground><UIGlow>F201F9</UIGlow>威力：<UIGlow>01</UIGlow><UIForeground>01</UIForeground>330
<UIForeground>F201F8</UIForeground><UIGlow>F201F9</UIGlow>连击成功：<UIGlow>01</UIGlow><UIForeground>01</UIForeground><UIForeground>F201F4</UIForeground><UIGlow>F201F5</UIGlow>绝技预备<UIGlow>01</UIGlow><UIForeground>01</UIForeground>
<UIForeground>F201F8</UIForeground><UIGlow>F201F9</UIGlow>持续时间：<UIGlow>01</UIGlow><UIForeground>01</UIForeground>15秒"
61,"单体攻击用连击技能。
使用时会按下列顺序发动战技。
如果连击过程中未满足战技的发动条件，则回到第一个技能重新发动连击。

1：<UIForeground>F201F4</UIForeground><UIGlow>F201F5</UIGlow>切割<UIGlow>01</UIGlow><UIForeground>01</UIForeground>　<UIForeground>F201F8</UIForeground><UIGlow>F201F9</UIGlow>威力：<UIGlow>01</UIGlow><UIForeground>01</UIForeground>320
2：<UIForeground>F201F4</UIForeground><UIGlow>F201F5</UIGlow>增盈切割<UIGlow>01</UIGlow><UIForeground>01</UIForeground>　<UIForeground>F201F8</UIForeground><UIGlow>F201F9</UIGlow>威力：<UIGlow>01</UIGlow><UIForeground>01</UIForeground>400
3：<UIForeground>F201F4</UIForeground><UIGlow>F201F5</UIGlow>地狱切割<UIGlow>01</UIGlow><UIForeground>01</UIForeground>　<UIForeground>F201F8</UIForeground><UIGlow>F201F9</UIGlow>威力：<UIGlow>01</UIGlow><UIForeground>01</UIForeground>500"
62,"范围攻击用连击技能。
使用时会按下列顺序发动战技。
如果连击过程中未满足战技的发动条件，则回到第一个技能重新发动连击。

1：<UIForeground>F201F4</UIForeground><UIGlow>F201F5</UIGlow>旋转钐割<UIGlow>01</UIGlow><UIForeground>01</UIForeground>　<UIForeground>F201F8</UIForeground><UIGlow>F201F9</UIGlow>威力：<UIGlow>01</UIGlow><UIForeground>01</UIForeground>140
2：<UIForeground>F201F4</UIForeground><UIGlow>F201F5</UIGlow>噩梦钐割<UIGlow>01</UIGlow><UIForeground>01</UIForeground>　<UIForeground>F201F8</UIForeground><UIGlow>F201F9</UIGlow>威力：<UIGlow>01</UIGlow><UIForeground>01</UIForeground>180"
63,"单体攻击用连击技能。
使用时会按下列顺序发动战技。
如果连击过程中未满足战技的发动条件，则回到第一个技能重新发动连击。

1：<UIForeground>F201F4</UIForeground><UIGlow>F201F5</UIGlow>狞豹的锐爪<UIGlow>01</UIGlow><UIForeground>01</UIForeground>　<UIForeground>F201F8</UIForeground><UIGlow>F201F9</UIGlow>威力：<UIGlow>01</UIGlow><UIForeground>01</UIForeground>220
2：<UIForeground>F201F4</UIForeground><UIGlow>F201F5</UIGlow>狞豹的双牙<UIGlow>01</UIGlow><UIForeground>01</UIForeground>　<UIForeground>F201F8</UIForeground><UIGlow>F201F9</UIGlow>威力：<UIGlow>01</UIGlow><UIForeground>01</UIForeground>320
3：<UIForeground>F201F4</UIForeground><UIGlow>F201F5</UIGlow>狞豹的尾鞭<UIGlow>01</UIGlow><UIForeground>01</UIForeground>　<UIForeground>F201F8</UIForeground><UIGlow>F201F9</UIGlow>威力：<UIGlow>01</UIGlow><UIForeground>01</UIForeground>440
<UIForeground>F201F8</UIForeground><UIGlow>F201F9</UIGlow>连击成功：<UIGlow>01</UIGlow><UIForeground>01</UIForeground>恢复自身体力　<UIForeground>F201F8</UIForeground><UIGlow>F201F9</UIGlow>恢复力：<UIGlow>01</UIGlow><UIForeground>01</UIForeground>250"
64,"范围攻击用连击技能。
使用时会按下列顺序发动战技。
如果连击过程中未满足战技的发动条件，则回到第一个技能重新发动连击。

1：<UIForeground>F201F4</UIForeground><UIGlow>F201F5</UIGlow>图拉尔的严酷<UIGlow>01</UIGlow><UIForeground>01</UIForeground>　<UIForeground>F201F8</UIForeground><UIGlow>F201F9</UIGlow>威力：<UIGlow>01</UIGlow><UIForeground>01</UIForeground>150
2：<UIForeground>F201F4</UIForeground><UIGlow>F201F5</UIGlow>图拉尔的澎湃<UIGlow>01</UIGlow><UIForeground>01</UIForeground>　<UIForeground>F201F8</UIForeground><UIGlow>F201F9</UIGlow>威力：<UIGlow>01</UIGlow><UIForeground>01</UIForeground>210
3：<UIForeground>F201F4</UIForeground><UIGlow>F201F5</UIGlow>图拉尔的峻烈<UIGlow>01</UIGlow><UIForeground>01</UIForeground>　<UIForeground>F201F8</UIForeground><UIGlow>F201F9</UIGlow>威力：<UIGlow>01</UIGlow><UIForeground>01</UIForeground>270"
65,"连击用技能。
使用时会按下列顺序发动战技。
如果连击过程中未满足战技的发动条件，则回到第一个技能重新发动连击。

1：<UIForeground>F201F4</UIForeground><UIGlow>F201F5</UIGlow>咬噬尖齿<UIGlow>01</UIGlow><UIForeground>01</UIForeground>
2：<UIForeground>F201F4</UIForeground><UIGlow>F201F5</UIGlow>猛袭利齿<UIGlow>01</UIGlow><UIForeground>01</UIForeground>
3：<UIForeground>F201F4</UIForeground><UIGlow>F201F5</UIGlow>咬击獠齿<UIGlow>01</UIGlow><UIForeground>01</UIForeground>
4：<UIForeground>F201F4</UIForeground><UIGlow>F201F5</UIGlow>切割尖齿<UIGlow>01</UIGlow><UIForeground>01</UIForeground>
5：<UIForeground>F201F4</UIForeground><UIGlow>F201F5</UIGlow>疾速利齿<UIGlow>01</UIGlow><UIForeground>01</UIForeground>
6：<UIForeground>F201F4</UIForeground><UIGlow>F201F5</UIGlow>啮噬獠齿<UIGlow>01</UIGlow><UIForeground>01</UIForeground>

<UIForeground>F201FA</UIForeground><UIGlow>F201FB</UIGlow>※祖灵降临状态中，且吞天巨蛇成功时，变为祖灵之牙一式。<UIGlow>01</UIGlow><UIForeground>01</UIForeground>
<UIForeground>F201FA</UIForeground><UIGlow>F201FB</UIGlow>※祖灵降临状态中，且祖灵之牙一式成功时，变为祖灵之牙二式。<UIGlow>01</UIGlow><UIForeground>01</UIForeground>
<UIForeground>F201FA</UIForeground><UIGlow>F201FB</UIGlow>※祖灵降临状态中，且祖灵之牙二式成功时，变为祖灵之牙三式。<UIGlow>01</UIGlow><UIForeground>01</UIForeground>
<UIForeground>F201FA</UIForeground><UIGlow>F201FB</UIGlow>※祖灵降临状态中，且祖灵之牙三式成功时，变为祖灵之牙四式。<UIGlow>01</UIGlow><UIForeground>01</UIForeground>"
66,""
